{"name":"t:sections.footer.name","type":"footer","sections":{"footer":{"type":"footer","blocks":{"text_Dpzt4k":{"type":"text","settings":{"heading":"Contact:","subtext":"<p>Telephone \/ Whatsapp: +995 558 30 30 12<br\/>E-Mail: info@techswap.ge<\/p>"}},"brand_information_g49Lpn":{"type":"brand_information","settings":{"show_social":true}}},"block_order":["text_Dpzt4k","brand_information_g49Lpn"],"disabled":true,"settings":{"color_scheme":"scheme-2","newsletter_enable":false,"newsletter_heading":"Subscribe to our emails","enable_follow_on_shop":false,"show_social":false,"enable_country_selector":true,"enable_language_selector":false,"payment_enable":false,"show_policy":true,"margin_top":0,"padding_top":36,"padding_bottom":36}}},"order":["footer"]}