{"name":"t:sections.header.name","type":"header","sections":{"announcement-bar":{"type":"announcement-bar","blocks":{"announcement_wqdqMT":{"type":"announcement","settings":{"text":"\"400 GEL GIFT VOUCHER\" GIVEAWAY","link":"shopify:\/\/pages\/giveaway"}},"announcement_JP67n9":{"type":"announcement","disabled":true,"settings":{"text":"Active +10% on any offer","link":"shopify:\/\/pages\/sell"}}},"block_order":["announcement_wqdqMT","announcement_JP67n9"],"disabled":true,"settings":{"color_scheme":"scheme-2","show_line_separator":true,"show_social":false,"auto_rotate":false,"change_slides_speed":5,"enable_country_selector":false,"enable_language_selector":false}},"header":{"type":"header","settings":{"logo_position":"middle-left","menu":"main-menu","menu_type_desktop":"dropdown","sticky_header_type":"on-scroll-up","show_line_separator":true,"color_scheme":"scheme-31286c54-08e5-44f4-8344-7b56db07a4ec","menu_color_scheme":"scheme-31286c54-08e5-44f4-8344-7b56db07a4ec","enable_country_selector":true,"enable_language_selector":true,"mobile_logo_position":"center","margin_bottom":0,"padding_top":4,"padding_bottom":4}}},"order":["announcement-bar","header"]}