{"current":{"logo":"shopify:\/\/shop_images\/logo3_5020e677-c9d7-48f7-bc60-30c5ba02037c.png","logo_width":90,"favicon":"shopify:\/\/shop_images\/pixelcut-export_20_4.png","type_header_font":"fjalla_one_n4","heading_scale":120,"type_body_font":"quicksand_n4","body_scale":100,"page_width":1200,"spacing_sections":8,"spacing_grid_horizontal":8,"spacing_grid_vertical":12,"animations_reveal_on_scroll":true,"animations_hover_elements":"3d-lift","buttons_border_thickness":1,"buttons_border_opacity":100,"buttons_radius":0,"buttons_shadow_opacity":0,"buttons_shadow_horizontal_offset":0,"buttons_shadow_vertical_offset":4,"buttons_shadow_blur":5,"variant_pills_border_thickness":1,"variant_pills_border_opacity":55,"variant_pills_radius":40,"variant_pills_shadow_opacity":0,"variant_pills_shadow_horizontal_offset":0,"variant_pills_shadow_vertical_offset":4,"variant_pills_shadow_blur":5,"inputs_border_thickness":1,"inputs_border_opacity":55,"inputs_radius":0,"inputs_shadow_opacity":0,"inputs_shadow_horizontal_offset":0,"inputs_shadow_vertical_offset":4,"inputs_shadow_blur":5,"card_style":"standard","card_image_padding":0,"card_text_alignment":"left","card_color_scheme":"scheme-2","card_border_thickness":0,"card_border_opacity":10,"card_corner_radius":0,"card_shadow_opacity":0,"card_shadow_horizontal_offset":0,"card_shadow_vertical_offset":4,"card_shadow_blur":5,"collection_card_style":"standard","collection_card_image_padding":0,"collection_card_text_alignment":"left","collection_card_color_scheme":"scheme-2","collection_card_border_thickness":0,"collection_card_border_opacity":10,"collection_card_corner_radius":0,"collection_card_shadow_opacity":0,"collection_card_shadow_horizontal_offset":0,"collection_card_shadow_vertical_offset":4,"collection_card_shadow_blur":5,"blog_card_style":"standard","blog_card_image_padding":0,"blog_card_text_alignment":"left","blog_card_color_scheme":"scheme-2","blog_card_border_thickness":0,"blog_card_border_opacity":10,"blog_card_corner_radius":0,"blog_card_shadow_opacity":0,"blog_card_shadow_horizontal_offset":0,"blog_card_shadow_vertical_offset":4,"blog_card_shadow_blur":5,"text_boxes_border_thickness":0,"text_boxes_border_opacity":10,"text_boxes_radius":0,"text_boxes_shadow_opacity":0,"text_boxes_shadow_horizontal_offset":0,"text_boxes_shadow_vertical_offset":4,"text_boxes_shadow_blur":5,"media_border_thickness":1,"media_border_opacity":5,"media_radius":0,"media_shadow_opacity":0,"media_shadow_horizontal_offset":0,"media_shadow_vertical_offset":4,"media_shadow_blur":5,"popup_border_thickness":1,"popup_border_opacity":10,"popup_corner_radius":0,"popup_shadow_opacity":5,"popup_shadow_horizontal_offset":0,"popup_shadow_vertical_offset":4,"popup_shadow_blur":5,"drawer_border_thickness":1,"drawer_border_opacity":10,"drawer_shadow_opacity":0,"drawer_shadow_horizontal_offset":0,"drawer_shadow_vertical_offset":4,"drawer_shadow_blur":5,"badge_position":"bottom left","badge_corner_radius":40,"sale_badge_color_scheme":"scheme-4","sold_out_badge_color_scheme":"scheme-3","brand_headline":"","brand_description":"<p><\/p>","brand_image_width":100,"social_facebook_link":"https:\/\/www.facebook.com\/techswapge\/","social_instagram_link":"https:\/\/www.instagram.com\/techswap.ge\/","social_youtube_link":"","social_tiktok_link":"https:\/\/www.tiktok.com\/@techswapge","social_twitter_link":"","social_snapchat_link":"","social_pinterest_link":"","social_tumblr_link":"","social_vimeo_link":"","predictive_search_enabled":true,"predictive_search_show_vendor":false,"predictive_search_show_price":false,"currency_code_enabled":true,"cart_type":"notification","show_vendor":false,"show_cart_note":false,"cart_drawer_collection":"","cart_color_scheme":"scheme-9aefe33f-f517-4cb2-b46e-3a9ed51a06fa","sections":{"main-password-header":{"type":"main-password-header","settings":{"color_scheme":"scheme-1"}},"main-password-footer":{"type":"main-password-footer","settings":{"color_scheme":"scheme-1"}}},"content_for_index":[],"blocks":{"6279071938380501511":{"type":"shopify:\/\/apps\/powerful-form-builder\/blocks\/app-embed\/e4bcb1eb-35b2-42e6-bc37-bfe0e1542c9d","disabled":false,"settings":{}},"pagefly-page-builder":{"type":"shopify:\/\/apps\/pagefly-page-builder\/blocks\/app-embed\/83e179f7-59a0-4589-8c66-c0dddf959200","disabled":false,"settings":{}},"16178409538858199964":{"type":"shopify:\/\/apps\/powr-popup\/blocks\/app-embed\/c42eddd7-7bc0-47cc-aa8a-df388049f012","disabled":false,"settings":{}},"11691007085786627848":{"type":"shopify:\/\/apps\/omega-chat-widget\/blocks\/omg-facebook-chat\/98e24ccd-e637-432a-9298-71c447aac05b","disabled":false,"settings":{}},"5059203847231188605":{"type":"shopify:\/\/apps\/smart-product-filter-search\/blocks\/app-embed\/5cc1944c-3014-4a2a-af40-7d65abc0ef73","disabled":true,"settings":{"productGridSelector":"","useCustomQuickviewTemplate":false,"customJs":"","customCss":"","customProductTemplateLoader":"{%- capture productTemplate -%}{% render 'globo.filter.product', themeTranslation: shop.metafields.globoFilter.themeTranslation.value[request.locale.iso_code] %}{%- endcapture -%}{%- unless productTemplate contains 'Liquid error' -%}<script id=\"gspfProduct\" type=\"template\/html\">{{- productTemplate | replace: \"script>\", \"scripttag>\" -}}<\/script>{%- endunless -%}","customTreeTemplateLoader":"{%- capture treeTemplate -%}{% render 'globo.filter.tree' %}{%- endcapture -%}{%- unless treeTemplate contains 'Liquid error' -%}<script id=\"gspfFilterTree\" type=\"template\/html\">{{- treeTemplate | replace: \"script>\", \"scripttag>\" -}}<\/script>{%- endunless -%}","customSortTemplateLoader":"{%- capture sortTemplate -%}{% render 'globo.filter.sort' %}{%- endcapture -%}{%- unless sortTemplate contains 'Liquid error' -%}<script id=\"gspfFilterSort\" type=\"template\/html\">{{- sortTemplate | replace: \"script>\", \"scripttag>\" -}}<\/script>{%- endunless -%}","customSearchTemplateLoader":"{%- capture searchTemplate -%}{% render 'globo.filter.search' %}{%- endcapture -%}{%- unless searchTemplate contains 'Liquid error' -%}<script id=\"gspfSearchResult\" type=\"template\/html\">{{- searchTemplate | replace: \"script>\", \"scripttag>\" -}}<\/script>{%- endunless -%}","customPaginationTemplateLoader":"{%- capture paginationTemplate -%}{% render 'globo.filter.pagination' %}{%- endcapture -%}{%- unless paginationTemplate contains 'Liquid error' -%}<script id=\"gspfPagination\" type=\"template\/html\">{{- paginationTemplate | replace: \"script>\", \"scripttag>\" -}}<\/script>{%- endunless -%}","customYMMTemplateLoader":"{%- capture YMMTemplate -%}{% render 'globo.filter.form' %}{%- endcapture -%}{%- unless YMMTemplate contains 'Liquid error' -%}<script id=\"gspfForm\" type=\"template\/html\">{{- YMMTemplate | replace: \"script>\", \"scripttag>\" -}}<\/script>{%- endunless -%}"}},"1530068250781986104":{"type":"shopify:\/\/apps\/fbp-fast-bundle\/blocks\/fast_bundle\/9e87fbe2-9041-4c23-acf5-322413994cef","disabled":false,"settings":{"home":false}}},"color_schemes":{"scheme-1":{"settings":{"background":"#ffffff","background_gradient":"","text":"#121212","button":"#121212","button_label":"#ffffff","secondary_button_label":"#121212","shadow":"#121212"}},"scheme-2":{"settings":{"background":"#f3f3f3","background_gradient":"","text":"#121212","button":"#121212","button_label":"#f3f3f3","secondary_button_label":"#121212","shadow":"#121212"}},"scheme-3":{"settings":{"background":"#242833","background_gradient":"","text":"#ffffff","button":"#ffffff","button_label":"#000000","secondary_button_label":"#ffffff","shadow":"#121212"}},"scheme-4":{"settings":{"background":"#121212","background_gradient":"","text":"#ffffff","button":"#ffffff","button_label":"#121212","secondary_button_label":"#ffffff","shadow":"#121212"}},"scheme-5":{"settings":{"background":"#334fb4","background_gradient":"","text":"#ffffff","button":"#ffffff","button_label":"#334fb4","secondary_button_label":"#ffffff","shadow":"#121212"}},"scheme-9aefe33f-f517-4cb2-b46e-3a9ed51a06fa":{"settings":{"background":"#9e07e9","background_gradient":"linear-gradient(180deg, rgba(152, 51, 251, 1), rgba(127, 72, 176, 1) 62%, rgba(48, 145, 211, 1) 100%)","text":"#ffffff","button":"#0d0d0d","button_label":"#ffffff","secondary_button_label":"#0a0a0a","shadow":"#121212"}},"scheme-31286c54-08e5-44f4-8344-7b56db07a4ec":{"settings":{"background":"#26a9f2","background_gradient":"linear-gradient(89deg, rgba(219, 149, 250, 1) 7%, rgba(148, 88, 255, 1) 94%)","text":"#121212","button":"#121212","button_label":"#ffffff","secondary_button_label":"#121212","shadow":"#121212"}}}},"presets":{"Default":{"logo_width":90,"color_schemes":{"scheme-1":{"settings":{"background":"#FFFFFF","background_gradient":"","text":"#121212","button":"#121212","button_label":"#FFFFFF","secondary_button_label":"#121212","shadow":"#121212"}},"scheme-2":{"settings":{"background":"#F3F3F3","background_gradient":"","text":"#121212","button":"#121212","button_label":"#F3F3F3","secondary_button_label":"#121212","shadow":"#121212"}},"scheme-3":{"settings":{"background":"#242833","background_gradient":"","text":"#FFFFFF","button":"#FFFFFF","button_label":"#000000","secondary_button_label":"#FFFFFF","shadow":"#121212"}},"scheme-4":{"settings":{"background":"#121212","background_gradient":"","text":"#FFFFFF","button":"#FFFFFF","button_label":"#121212","secondary_button_label":"#FFFFFF","shadow":"#121212"}},"scheme-5":{"settings":{"background":"#334FB4","background_gradient":"","text":"#FFFFFF","button":"#FFFFFF","button_label":"#334FB4","secondary_button_label":"#FFFFFF","shadow":"#121212"}}},"type_header_font":"assistant_n4","heading_scale":100,"type_body_font":"assistant_n4","body_scale":100,"page_width":1200,"spacing_sections":0,"spacing_grid_horizontal":8,"spacing_grid_vertical":8,"animations_reveal_on_scroll":true,"animations_hover_elements":"none","buttons_border_thickness":1,"buttons_border_opacity":100,"buttons_radius":0,"buttons_shadow_opacity":0,"buttons_shadow_horizontal_offset":0,"buttons_shadow_vertical_offset":4,"buttons_shadow_blur":5,"variant_pills_border_thickness":1,"variant_pills_border_opacity":55,"variant_pills_radius":40,"variant_pills_shadow_opacity":0,"variant_pills_shadow_horizontal_offset":0,"variant_pills_shadow_vertical_offset":4,"variant_pills_shadow_blur":5,"inputs_border_thickness":1,"inputs_border_opacity":55,"inputs_radius":0,"inputs_shadow_opacity":0,"inputs_shadow_horizontal_offset":0,"inputs_shadow_vertical_offset":4,"inputs_shadow_blur":5,"card_style":"standard","card_image_padding":0,"card_text_alignment":"left","card_color_scheme":"scheme-2","card_border_thickness":0,"card_border_opacity":10,"card_corner_radius":0,"card_shadow_opacity":0,"card_shadow_horizontal_offset":0,"card_shadow_vertical_offset":4,"card_shadow_blur":5,"collection_card_style":"standard","collection_card_image_padding":0,"collection_card_text_alignment":"left","collection_card_color_scheme":"scheme-2","collection_card_border_thickness":0,"collection_card_border_opacity":10,"collection_card_corner_radius":0,"collection_card_shadow_opacity":0,"collection_card_shadow_horizontal_offset":0,"collection_card_shadow_vertical_offset":4,"collection_card_shadow_blur":5,"blog_card_style":"standard","blog_card_image_padding":0,"blog_card_text_alignment":"left","blog_card_color_scheme":"scheme-2","blog_card_border_thickness":0,"blog_card_border_opacity":10,"blog_card_corner_radius":0,"blog_card_shadow_opacity":0,"blog_card_shadow_horizontal_offset":0,"blog_card_shadow_vertical_offset":4,"blog_card_shadow_blur":5,"text_boxes_border_thickness":0,"text_boxes_border_opacity":10,"text_boxes_radius":0,"text_boxes_shadow_opacity":0,"text_boxes_shadow_horizontal_offset":0,"text_boxes_shadow_vertical_offset":4,"text_boxes_shadow_blur":5,"media_border_thickness":1,"media_border_opacity":5,"media_radius":0,"media_shadow_opacity":0,"media_shadow_horizontal_offset":0,"media_shadow_vertical_offset":4,"media_shadow_blur":5,"popup_border_thickness":1,"popup_border_opacity":10,"popup_corner_radius":0,"popup_shadow_opacity":5,"popup_shadow_horizontal_offset":0,"popup_shadow_vertical_offset":4,"popup_shadow_blur":5,"drawer_border_thickness":1,"drawer_border_opacity":10,"drawer_shadow_opacity":0,"drawer_shadow_horizontal_offset":0,"drawer_shadow_vertical_offset":4,"drawer_shadow_blur":5,"badge_position":"bottom left","badge_corner_radius":40,"sale_badge_color_scheme":"scheme-4","sold_out_badge_color_scheme":"scheme-3","brand_headline":"","brand_description":"<p><\/p>","brand_image_width":100,"social_twitter_link":"","social_facebook_link":"","social_pinterest_link":"","social_instagram_link":"","social_tiktok_link":"","social_tumblr_link":"","social_snapchat_link":"","social_youtube_link":"","social_vimeo_link":"","predictive_search_enabled":true,"predictive_search_show_vendor":false,"predictive_search_show_price":false,"currency_code_enabled":true,"cart_type":"notification","show_vendor":false,"show_cart_note":false,"cart_drawer_collection":"","cart_color_scheme":"scheme-1","sections":{"main-password-header":{"type":"main-password-header","settings":{"color_scheme":"scheme-1"}},"main-password-footer":{"type":"main-password-footer","settings":{"color_scheme":"scheme-1"}}}}}}