{"sections":{"banner":{"type":"main-collection-banner","disabled":true,"settings":{"show_collection_description":true,"show_collection_image":false,"color_scheme":"scheme-1"}},"product-grid":{"type":"main-collection-product-grid","settings":{"products_per_page":16,"columns_desktop":4,"color_scheme":"scheme-9aefe33f-f517-4cb2-b46e-3a9ed51a06fa","image_ratio":"square","image_shape":"default","show_secondary_image":true,"show_vendor":false,"show_rating":false,"quick_add":"none","enable_filtering":true,"filter_type":"vertical","enable_sorting":false,"columns_mobile":"2","padding_top":36,"padding_bottom":36}}},"order":["banner","product-grid"]}