{"sections":{"pagefly-home":{"type":"pagefly-home","settings":{}},"image_banner":{"type":"image-banner","blocks":{"heading_Jxn9ny":{"type":"heading","settings":{"heading":"<strong>გაყიდეთ ტექნიკა სწრაფად<\/strong>","heading_size":"h1"}},"text_WyKR3i":{"type":"text","settings":{"text":"მიიღეთ ადეკვატური ფასები სახლიდან გაუსვლელად","text_style":"subtitle"}},"button":{"type":"buttons","settings":{"button_label_1":"გაყიდე ახლავე","button_link_1":"shopify:\/\/pages\/contact","button_style_secondary_1":true,"button_label_2":"","button_link_2":"","button_style_secondary_2":false}}},"block_order":["heading_Jxn9ny","text_WyKR3i","button"],"disabled":true,"custom_css":[],"settings":{"image":"shopify:\/\/shop_images\/ezgif-3-3ff5355448.gif","image_overlay_opacity":20,"image_height":"large","desktop_content_position":"middle-left","show_text_box":false,"desktop_content_alignment":"center","color_scheme":"scheme-3","image_behavior":"none","mobile_content_alignment":"center","stack_images_on_mobile":false,"show_text_below":false}},"image_with_text_99whtm":{"type":"image-with-text","blocks":{"heading_gWbrwm":{"type":"heading","settings":{"heading":"Apple Macbook Pro M3 PRo","heading_size":"h2"}},"text_AQF7VW":{"type":"text","settings":{"text":"<p>Apple MacBook Pro M3 Pro is a powerful and stylish laptop designed for professionals. It features an advanced M3 Pro chip, 18GB of RAM for smooth multitasking, and a 512GB SSD. Its outstanding Retina display, components and long battery life make this version ideal for demanding tasks such as video editing, programming and graphic design. This creation is ideal for those who need high performance anywhere in the world.<\/p>","text_style":"body"}},"button_YzBf4D":{"type":"button","settings":{"button_label":"Buy Now","button_link":"","button_style_secondary":false}}},"block_order":["heading_gWbrwm","text_AQF7VW","button_YzBf4D"],"settings":{"image":"shopify:\/\/shop_images\/latest-in-technology-instagram-ad-1_1725548100143.png","height":"adapt","desktop_image_width":"medium","layout":"image_first","desktop_content_position":"top","desktop_content_alignment":"left","content_layout":"no-overlap","section_color_scheme":"","color_scheme":"","image_behavior":"none","mobile_content_alignment":"left","padding_top":36,"padding_bottom":36}},"1714948596f16e2373":{"type":"apps","blocks":{"powerful_form_builder_app_block_bg98eK":{"type":"shopify:\/\/apps\/powerful-form-builder\/blocks\/app-block\/e4bcb1eb-35b2-42e6-bc37-bfe0e1542c9d","settings":{"shortcode":"<div class=\"globo-formbuilder\" data-id=\"xxxx\"><\/div>"}}},"block_order":["powerful_form_builder_app_block_bg98eK"],"settings":{"include_margins":true}},"featured_collection_Pe8DRC":{"type":"featured-collection","settings":{"title":"Featured Collections:","heading_size":"h1","description":"","show_description":false,"description_style":"body","collection":"featured-collections","products_to_show":4,"columns_desktop":4,"full_width":false,"show_view_all":false,"view_all_style":"outline","enable_desktop_slider":false,"color_scheme":"scheme-3","image_ratio":"square","image_shape":"default","show_secondary_image":false,"show_vendor":false,"show_rating":false,"quick_add":"none","columns_mobile":"2","swipe_on_mobile":false,"padding_top":36,"padding_bottom":36}}},"order":["pagefly-home","image_banner","image_with_text_99whtm","1714948596f16e2373","featured_collection_Pe8DRC"]}