{"sections":{"collection_list_dnzrYJ":{"type":"collection-list","blocks":{"featured_collection_3m4exj":{"type":"featured_collection","settings":{"collection":"all-products"}},"featured_collection_gLXn4b":{"type":"featured_collection","settings":{"collection":"combos-best-offers"}},"featured_collection_KzwGEt":{"type":"featured_collection","settings":{"collection":"desktop-computer-pc"}},"featured_collection_YBjtk6":{"type":"featured_collection","settings":{"collection":"laptops"}},"featured_collection_pUBF7m":{"type":"featured_collection","settings":{"collection":"monitors"}},"featured_collection_PPb6hw":{"type":"featured_collection","settings":{"collection":"phones"}},"featured_collection_LTMbRP":{"type":"featured_collection","settings":{"collection":"smart-watches"}},"featured_collection_CVBDdM":{"type":"featured_collection","settings":{"collection":"peripherals"}},"featured_collection_fxFJE8":{"type":"featured_collection","settings":{"collection":"virtual-headsets"}},"featured_collection_nbwNJA":{"type":"featured_collection","settings":{"collection":"game-consoles"}},"featured_collection_BiXXd7":{"type":"featured_collection","settings":{"collection":"tablets"}},"featured_collection_cyBR6i":{"type":"featured_collection","settings":{"collection":"ტელევიზორები"}}},"block_order":["featured_collection_3m4exj","featured_collection_gLXn4b","featured_collection_KzwGEt","featured_collection_YBjtk6","featured_collection_pUBF7m","featured_collection_PPb6hw","featured_collection_LTMbRP","featured_collection_CVBDdM","featured_collection_fxFJE8","featured_collection_nbwNJA","featured_collection_BiXXd7","featured_collection_cyBR6i"],"settings":{"title":"","heading_size":"h1","image_ratio":"square","columns_desktop":4,"color_scheme":"scheme-9aefe33f-f517-4cb2-b46e-3a9ed51a06fa","show_view_all":false,"columns_mobile":"2","swipe_on_mobile":false,"padding_top":36,"padding_bottom":36}},"main":{"type":"main-list-collections","disabled":true,"settings":{"title":"","sort":"alphabetical","image_ratio":"square","columns_desktop":3,"columns_mobile":"2"}}},"order":["collection_list_dnzrYJ","main"]}