{"sections":{"rich_text_YdhN9H":{"type":"rich-text","blocks":{"heading_6fCen6":{"type":"heading","settings":{"heading":"Ongoing Giveaways:","heading_size":"h1"}}},"block_order":["heading_6fCen6"],"settings":{"desktop_content_position":"center","content_alignment":"center","color_scheme":"","full_width":true,"padding_top":40,"padding_bottom":52}},"image_with_text_BAtrfE":{"type":"image-with-text","blocks":{"heading_zDf6Xa":{"type":"heading","settings":{"heading":"Swaggy Game X TechSwap Special Box","heading_size":"h1"}},"text_WzVYF9":{"type":"text","settings":{"text":"<p>🎁 ბოქსში შედის - •კლავიატურა •USB hub •მაუსპადი •კაბელების შესაკრავი     • რეზინის კაბელის დამჭერი •ყურსასმენის და კლავიატურის საწმენდი •ჭიქის დასადები •ჰაერის არომატიზატორი. <br\/><br\/>🏆 გვეყოლება 2 გამარჯვებული. ორივე მიიღებს Special Box - ს. <br\/><\/p>","text_style":"body"}},"button_yiBX4n":{"type":"button","settings":{"button_label":"წესები","button_link":"https:\/\/www.instagram.com\/p\/DGYWem7N_2k\/","button_style_secondary":false}}},"block_order":["heading_zDf6Xa","text_WzVYF9","button_yiBX4n"],"settings":{"image":"shopify:\/\/shop_images\/WhatsApp_2025-02-19_20.59.55_2bb6dd8a.jpg","height":"adapt","desktop_image_width":"medium","layout":"image_first","desktop_content_position":"top","desktop_content_alignment":"left","content_layout":"no-overlap","section_color_scheme":"","color_scheme":"","image_behavior":"none","mobile_content_alignment":"left","padding_top":36,"padding_bottom":36}},"rich_text_FwUCjY":{"type":"rich-text","blocks":{"heading_WxJxWE":{"type":"heading","settings":{"heading":"Finished Giveaways:","heading_size":"h1"}},"text_gkgLiM":{"type":"text","disabled":true,"settings":{"text":""}},"button_6ewWB6":{"type":"button","disabled":true,"settings":{"button_label":"Button label","button_link":"","button_style_secondary":false,"button_label_2":"","button_link_2":"","button_style_secondary_2":false}}},"block_order":["heading_WxJxWE","text_gkgLiM","button_6ewWB6"],"settings":{"desktop_content_position":"center","content_alignment":"center","color_scheme":"scheme-1","full_width":true,"padding_top":40,"padding_bottom":0}},"1714948939b3117fe7":{"type":"apps","blocks":{"powerful_form_builder_app_block_RGp9ED":{"type":"shopify:\/\/apps\/powerful-form-builder\/blocks\/app-block\/e4bcb1eb-35b2-42e6-bc37-bfe0e1542c9d","settings":{"shortcode":"<div class=\"globo-formbuilder\" data-id=\"MzkwOTc=\"><\/div>"}}},"block_order":["powerful_form_builder_app_block_RGp9ED"],"disabled":true,"settings":{"include_margins":true}},"main":{"type":"main-page","disabled":true,"settings":{"padding_top":28,"padding_bottom":28}},"multirow_3rYtpE":{"type":"multirow","blocks":{"row_EXtF34":{"type":"row","settings":{"image":"shopify:\/\/shop_images\/Image_Editor.png","caption":"Ended","heading":"MSI MAG 27C6X","text":"<p>This is your chance to win a gaming Monitor \"MSI MAG 27C6X\" by clicking 1 button:<\/p>","button_label":"Winner","button_link":"https:\/\/www.youtube.com\/watch?v=FOI29r9Uz4Y"}},"row_FMbAf3":{"type":"row","settings":{"image":"shopify:\/\/shop_images\/12_adt5-p4_oq3r-1y_png.jpg","caption":"ENDED","heading":"Samsung Odyssey G3","text":"<p>This is your chance to win a gaming Monitor \"Samsung Odyssey G3\" by clicking 1 button:<\/p>","button_label":"Winner","button_link":"https:\/\/www.tiktok.com\/@techswapge\/video\/7404388264276282625"}},"row_PiYrez":{"type":"row","settings":{"image":"shopify:\/\/shop_images\/1222.png","caption":"ENDED","heading":"A4tech Bloody MR710","text":"<p>This is your chance to win a gaming headset \"A4tech Bloody MR710\" by clicking 1 button:<\/p>","button_label":"Winner","button_link":"https:\/\/www.youtube.com\/watch?v=91CkFt6Cbus&t=3247s"}}},"block_order":["row_EXtF34","row_FMbAf3","row_PiYrez"],"settings":{"image_height":"medium","desktop_image_width":"medium","heading_size":"h1","text_style":"body","button_style":"primary","desktop_content_position":"middle","desktop_content_alignment":"center","image_layout":"alternate-left","section_color_scheme":"scheme-1","row_color_scheme":"","mobile_content_alignment":"center","padding_top":36,"padding_bottom":36}},"slideshow_CQHtTk":{"type":"slideshow","blocks":{"slide_Ee8kwN":{"type":"slide","settings":{"image":"shopify:\/\/shop_images\/YCMWUG95BU00_09.jpg","heading":"<strong>Marvo KG954<\/strong>","heading_size":"h1","subheading":"This is your chance to win a gaming Keyboard \"Marvo KG954\" by clicking 1 button:","button_label":"Winner","link":"https:\/\/www.youtube.com\/watch?v=91CkFt6Cbus&t=3247s","button_style_secondary":true,"box_align":"middle-center","show_text_box":true,"text_alignment":"center","image_overlay_opacity":0,"color_scheme":"","text_alignment_mobile":"center"}},"slide_CzEAdh":{"type":"slide","settings":{"image":"shopify:\/\/shop_images\/havit-hvkb876l-klawiatura-gamingowa-rgb-biala.jpg","heading":"Havit KB876L","heading_size":"h1","subheading":"This is your chance to win a gaming Keyboard \"Havit KB876L\" by clicking 1 button:","button_label":"Winner","link":"https:\/\/www.youtube.com\/watch?v=91CkFt6Cbus&t=3247s","button_style_secondary":false,"box_align":"middle-center","show_text_box":true,"text_alignment":"center","image_overlay_opacity":0,"color_scheme":"scheme-1","text_alignment_mobile":"center"}},"slide_rRbaJm":{"type":"slide","settings":{"image":"shopify:\/\/shop_images\/633b02fc862bd6788763d518-razer-cynosa-lite-gaming-keyboard.jpg","heading":"Razer Cynosa Lite","heading_size":"h1","subheading":"This is your chance to win a gaming Keyboard \"Razer Cynosa Lite\" by clicking 1 button:","button_label":"Winner","link":"https:\/\/www.youtube.com\/watch?v=91CkFt6Cbus&t=3247s","button_style_secondary":false,"box_align":"middle-center","show_text_box":true,"text_alignment":"center","image_overlay_opacity":0,"color_scheme":"","text_alignment_mobile":"center"}}},"block_order":["slide_Ee8kwN","slide_CzEAdh","slide_rRbaJm"],"settings":{"layout":"full_bleed","slide_height":"medium","slider_visual":"counter","auto_rotate":false,"change_slides_speed":5,"image_behavior":"none","show_text_below":true,"accessibility_info":"Slideshow about our brand"}},"image_with_text_Lbiiih":{"type":"image-with-text","blocks":{"heading_kiqwYx":{"type":"heading","settings":{"heading":"<strong>\"Share and Win\"<\/strong>","heading_size":"h2"}},"text_mwxbRW":{"type":"text","settings":{"text":"<p>This is your chance to win a 400 GEL TechSwap voucher on any product by clicking 1 button:<\/p>","text_style":"body"}},"button_6GzKUq":{"type":"button","settings":{"button_label":"Ended","button_link":"shopify:\/\/pages\/sell","button_style_secondary":false}}},"block_order":["heading_kiqwYx","text_mwxbRW","button_6GzKUq"],"settings":{"image":"shopify:\/\/shop_images\/image_41.png","height":"adapt","desktop_image_width":"medium","layout":"image_first","desktop_content_position":"top","desktop_content_alignment":"left","content_layout":"no-overlap","section_color_scheme":"","color_scheme":"","image_behavior":"none","mobile_content_alignment":"left","padding_top":36,"padding_bottom":36}}},"order":["rich_text_YdhN9H","image_with_text_BAtrfE","rich_text_FwUCjY","1714948939b3117fe7","main","multirow_3rYtpE","slideshow_CQHtTk","image_with_text_Lbiiih"]}