{"sections":{"1714948939b3117fe7":{"type":"apps","blocks":{"powerful_form_builder_app_block_RGp9ED":{"type":"shopify:\/\/apps\/powerful-form-builder\/blocks\/app-block\/e4bcb1eb-35b2-42e6-bc37-bfe0e1542c9d","settings":{"shortcode":"<div class=\"globo-formbuilder\" data-id=\"MzkwOTc=\"><\/div>"}}},"block_order":["powerful_form_builder_app_block_RGp9ED"],"disabled":true,"settings":{"include_margins":true}},"main":{"type":"main-page","disabled":true,"settings":{"padding_top":28,"padding_bottom":28}},"video_XeRPhy":{"type":"video","disabled":true,"settings":{"heading":"როგორ გამოაგზავნოთ თქვენი ტექნიკის შემოთავაზება (ვიდეო ინსტრუქცია)","heading_size":"h2","enable_video_looping":false,"video":"shopify:\/\/files\/videos\/Untitled2.mp4","video_url":"https:\/\/vimeo.com\/952913131?share=copy","description":"","full_width":false,"color_scheme":"","padding_top":36,"padding_bottom":36}},"rich_text_Cekz4X":{"type":"rich-text","blocks":{"heading_CMMwpU":{"type":"heading","settings":{"heading":"Warranty Information:","heading_size":"h1"}},"text_e6MTck":{"type":"text","settings":{"text":"<p>Thank you for choosing <strong>Techswap.ge<\/strong>. We take pride in the quality and reliability of our electronics. <br\/><br\/>All our products come with a warranty, the duration of which depends on the product category. Detailed warranty information for each product is available on its respective product page.<\/p><p>We offer a standard 90-day warranty; <strong>HOWEVER<\/strong>, customers should be aware that certain products may have <strong>longer<\/strong> or <strong>shorter <\/strong>warranty periods. It is essential to review the warranty details on the product page before making a purchase.<\/p><p>In accordance with Georgian law, customers have the right to request free repairs, a replacement, a price reduction, or contract termination within the warranty period from the date of purchase if the product is found to be defective.<\/p><p>Additionally, Techswap may offer an extended warranty for an additional charge.<\/p><p>If you encounter any issues, please contact our customer support team at 558 30 30 12 or <a>info@techswap.ge<\/a>, providing a PDF copy of your purchase confirmation.<br\/><br\/>-<\/p><h3><strong>Warranty Conditions for New Products:<\/strong><\/h3><p><strong>7-Day Replacement Guarantee:<\/strong> <\/p><ul><li>If a purchased product develops a technical issue within 7 days of purchase, we will replace it with a brand-new, same-model product.<br\/><\/li><\/ul><p><strong>After 7 Days:<br\/><\/strong><\/p><ul><li>If a technical issue arises, the product will be repaired free of charge.<\/li><li>If the product cannot be repaired, it will be replaced with a new one.<br\/><br\/>-<\/li><\/ul><h3><strong>Warranty Conditions for Second-Hand Products:<\/strong><\/h3><ul><li>Second-hand products are covered for repair only, at any time within the warranty period.<br\/><br\/><\/li><li>If the product cannot be repaired, we will offer:<br\/>- A replacement product with the same specifications;<br\/>- A full refund of the purchase amount.<br\/><br\/>-<\/li><\/ul><h3><strong>General Warranty Policy:<\/strong><\/h3><p>Warranty service is limited to repairing the item free of additional charges. If the product cannot be repaired, we will replace it with the same or a similar model that meets or exceeds its functionality. (The replacement model may be refurbished but will be in perfect working condition, and the warranty period will be extended.)<\/p><p>Techswap.ge is obligated to repair defective equipment within 40 business days from the moment of submission, according to the terms specified in the warranty file. If repair is not possible within this period, the product will be replaced.<\/p><p>In the case of combined purchases (e.g., a computer with peripherals or other devices), only the defective item will be repaired or replaced, not the entire order.<\/p><p>Transportation to and from our address is at the customer's expense.<br\/><br\/>-<\/p><h3><strong>Warranty Does Not Cover:<\/strong><\/h3><ul><li>Expired warranty periods.<\/li><li>Missing Techswap or factory warranty certificates (if applicable).<\/li><li>Damage caused by improper installation or reinstallation of the operating system.<\/li><li>Physical damage, including scratches, cracks, breaks, crushing, melting, burning, or deformation. This includes liquid damage, even if the product is marketed as water-resistant.<\/li><li>Altered, removed, or damaged factory serial numbers preventing identification.<\/li><li>Damage caused by non-standard power voltage (e.g., home power supply issues or surge protector failure).<\/li><li>Equipment not serviced or repaired by Techswap specialists.<\/li><li>Damage resulting from unqualified or negligent use.<\/li><li>More than one dead pixel on monitors, laptops, cameras, or phone screens.<br\/><br\/>-<\/li><\/ul><h3><strong>Return Policy:<\/strong><\/h3><p>Within 14 calendar days of purchase, consumers (individuals) have the right to return the purchased item, either online or physically, without stating a reason.<\/p><p> <\/p><p><strong>Note:<\/strong><\/p><ul><li>This rule does not apply to legal entities\/business subjects; businesses are not entitled to a 14-day return policy under the law.<\/li><li>The return period begins when the item is handed over to the customer. Once this period expires, the right to return the product is forfeited.<\/li><li>Customers must cover the cost of returning the goods.<\/li><li>Used products cannot be returned unless the company can restore them to resale condition at its own expense.<\/li><li>Once the sealed packaging of the product is opened and the product is used, the return condition automatically becomes void.<\/li><li>If there is any alteration to the product or its accompanying parts (beyond standard unboxing), the company reserves the right to question its authenticity and may refund only a portion of the paid amount, depending on the product's condition.<\/li><\/ul><p>For further questions or clarification, please contact us at 558 30 30 12 or email us at <a>info@techswap.ge<\/a>.<\/p><p><\/p>"}},"button_A6mJkh":{"type":"button","disabled":true,"settings":{"button_label":"Button label","button_link":"","button_style_secondary":false,"button_label_2":"","button_link_2":"","button_style_secondary_2":false}}},"block_order":["heading_CMMwpU","text_e6MTck","button_A6mJkh"],"settings":{"desktop_content_position":"center","content_alignment":"center","color_scheme":"scheme-3","full_width":true,"padding_top":40,"padding_bottom":52}}},"order":["1714948939b3117fe7","main","video_XeRPhy","rich_text_Cekz4X"]}