{"sections":{"1714948939b3117fe7":{"type":"apps","blocks":{"powerful_form_builder_app_block_RGp9ED":{"type":"shopify:\/\/apps\/powerful-form-builder\/blocks\/app-block\/e4bcb1eb-35b2-42e6-bc37-bfe0e1542c9d","settings":{"shortcode":"<div class=\"globo-formbuilder\" data-id=\"MzkwOTc=\"><\/div>"}}},"block_order":["powerful_form_builder_app_block_RGp9ED"],"disabled":true,"settings":{"include_margins":true}},"main":{"type":"main-page","disabled":true,"settings":{"padding_top":28,"padding_bottom":28}},"video_XeRPhy":{"type":"video","settings":{"heading":"როგორ გამოაგზავნოთ თქვენი ტექნიკის შემოთავაზება (ვიდეო ინსტრუქცია)","heading_size":"h2","enable_video_looping":false,"video":"shopify:\/\/files\/videos\/Untitled2.mp4","video_url":"https:\/\/vimeo.com\/952913131?share=copy","description":"","full_width":false,"color_scheme":"","padding_top":36,"padding_bottom":36}}},"order":["1714948939b3117fe7","main","video_XeRPhy"]}