{"sections":{"1714948502aea2d3e0":{"type":"apps","blocks":{"powerful_form_builder_app_block_bGkQiB":{"type":"shopify:\/\/apps\/powerful-form-builder\/blocks\/app-block\/e4bcb1eb-35b2-42e6-bc37-bfe0e1542c9d","settings":{"shortcode":"<div class=\"globo-formbuilder\" data-id=\"xxxx\"><\/div>"}}},"block_order":["powerful_form_builder_app_block_bGkQiB"],"settings":{"include_margins":true}},"main":{"type":"main-page","disabled":true,"settings":{"padding_top":40,"padding_bottom":36}},"form":{"type":"contact-form","disabled":true,"settings":{"heading":"","heading_size":"h1","color_scheme":"scheme-3","padding_top":36,"padding_bottom":36}},"rich_text_NpdUKB":{"type":"rich-text","blocks":{"text_p7JRrf":{"type":"text","settings":{"text":"<h1>Terms of Use:<\/h1><p><strong>Terms of Use for Techswap.ge<\/strong><\/p><h3><strong>Introduction:<\/strong><\/h3><p>TechSwap, accessible at techswap.ge, is a copyrighted platform owned and operated by the TechSwap administration. The use of any content, including images and information available on the website, is strictly prohibited without prior authorization from the owner. (Certain features may be subject to additional terms and conditions that will be published on the site.)<\/p><h3><strong>Products:<\/strong><\/h3><p>TechSwap is an online marketplace for the quick buying, selling, and exchanging of electronic devices. Users can list their products for sale or purchase items available on the website.<\/p><p>TechSwap does not manufacture or produce any of the items listed in its online store. The responsibility for any product defects or poor-quality materials lies with the manufacturer. However, in case of receiving a defective product, TechSwap will offer either a replacement or a full refund.<\/p><p>Product quality and specifications are detailed in the description of each listed item.<\/p><h3><strong>Registration & Account Usage:<\/strong><\/h3><p>To access the website’s features, users may register using their email addresses.<\/p><p>By registering, users agree to provide accurate and complete information in the registration form and to keep their details updated.<\/p><p>Users are solely responsible for maintaining the security of their passwords and for all activities conducted through their accounts.<\/p><p>TechSwap does not modify, share, or utilize users' account information without consent.<\/p><p>When placing an order, users provide personal details necessary for order processing and delivery. Users are responsible for any losses or damages resulting from non-compliance with these terms.<\/p><p>TechSwap reserves the right to modify, suspend, or discontinue site functionalities without prior notice.<\/p><p>TechSwap is not liable for any modifications, interruptions, or discontinuation of the service, either to users or third parties.<\/p><p>For transaction purposes, users may be required to provide personal data, including name, address, date of birth, residence details, or payment information for verification by payment operators handling online transactions.<\/p><h3><strong>Marketing & Communications:<\/strong><\/h3><p>By using the website, users consent to receive electronic communications from TechSwap. These communications may include notifications, agreements, or other information required by regulations.<\/p><p>Users may also receive promotional emails such as newsletters, special offers, surveys, and updates. Subscription to these communications can be canceled at any time.<\/p><h3><strong>Fraud Prevention:<\/strong><\/h3><p>TechSwap reserves the right to conduct security checks to prevent fraud and misuse of services. The website administration or staff may review order details at any time.<\/p><p>In case of service disruption or fraudulent activity, the administration may block accounts, cancel orders, or terminate transactions (e.g., in cases of payments made with stolen credit cards).<\/p><p>TechSwap also reserves the right to request additional information from buyers to process payments securely.<\/p><h3><strong>Payment Policy:<\/strong><\/h3><p>Payments on TechSwap are processed in GEL (Georgian Lari) and include all taxes as required by Georgian law.<\/p><p>Users can complete transactions via prepayment (bank transfer) or cash on delivery.<\/p><p>Users must provide valid and accurate payment details to ensure smooth transactions.<\/p><p>When entering credit card or online wallet details, TechSwap guarantees data security. However, payment processing terms are determined by the payment operators, not TechSwap.<\/p><p>If a transaction is declined or cannot be completed, users should contact their payment provider.<\/p><h3><strong>Pre-Orders & Wishlist Features:<\/strong><\/h3><p>If a desired product is out of stock, users can:<\/p><ul><li>Contact TechSwap via social media.<\/li><li>Reach out through the provided contact number.<\/li><\/ul><h3><strong>Delivery Service:<\/strong><\/h3><p>Orders are typically delivered within 1-4 business days if placed before 3:00 PM.<\/p><p>If an order cannot be fulfilled due to stock unavailability, TechSwap reserves the right to cancel the order and issue a refund or offer an exchange based on customer preference.<\/p><p>Courier services will document the product’s condition upon both dispatch and delivery. Customers are advised to inspect items upon receipt to avoid disputes.<\/p><h4><strong>Delivery Fees:<\/strong><\/h4><ul><li><strong>Self-pickup:<\/strong> Free (includes a free product inspection)<\/li><li><strong>Standard courier delivery (2-3 business days):<\/strong> 4-6 GEL<\/li><li><strong>Same-day delivery:<\/strong> 10-15 GEL<\/li><li><strong>Installation & inspection service:<\/strong> 5-15 GEL<br\/><br\/>(For an accurate shipping rate, please reach out to us before placing your order.)<\/li><\/ul><h3><strong>General Information:<\/strong><\/h3><p>For any registration, transaction, product, or other issues, users can contact TechSwap via email or social media messenger. Queries and complaints are typically addressed within 16 hours.<\/p><p>TechSwap utilizes cookies to store user preferences and browsing history. This information is used to optimize user experience and improve website content.<\/p><h3><strong>Product Conditions & Categories:<\/strong><\/h3><ul><li><strong>New:<\/strong> Unopened, in original packaging.<\/li><li><strong>Open Box:<\/strong> New and unused, but packaging has been opened for inspection.<\/li><li><strong>A+ Grade:<\/strong> Like new, used a few times, no defects or signs of use (may come with or without original packaging).<\/li><li><strong>A Grade:<\/strong> Like new, minimal signs of use (may come with or without original packaging).<\/li><li><strong>B Grade:<\/strong> Used, shows signs of wear but is in perfect working condition (may come with or without original packaging).<\/li><li><strong>C Grade:<\/strong> Used, visible signs of wear or defects, but fully functional (may come with or without original packaging).<\/li><\/ul><p>By using TechSwap.ge, placing an order, or submitting a listing, users acknowledge that they have read, understood, and agreed to these terms and conditions.<\/p>"}},"button_yy7PzN":{"type":"button","settings":{"button_label":"Return to Home Page","button_link":"https:\/\/techswap.ge\/","button_style_secondary":false,"button_label_2":"","button_link_2":"","button_style_secondary_2":false}}},"block_order":["text_p7JRrf","button_yy7PzN"],"settings":{"desktop_content_position":"center","content_alignment":"center","color_scheme":"scheme-3","full_width":true,"padding_top":40,"padding_bottom":52}}},"order":["1714948502aea2d3e0","main","form","rich_text_NpdUKB"]}