{"sections":{"1714948502aea2d3e0":{"type":"apps","blocks":{"powerful_form_builder_app_block_bGkQiB":{"type":"shopify:\/\/apps\/powerful-form-builder\/blocks\/app-block\/e4bcb1eb-35b2-42e6-bc37-bfe0e1542c9d","settings":{"shortcode":"<div class=\"globo-formbuilder\" data-id=\"xxxx\"><\/div>"}}},"block_order":["powerful_form_builder_app_block_bGkQiB"],"settings":{"include_margins":true}},"main":{"type":"main-page","disabled":true,"settings":{"padding_top":40,"padding_bottom":36}},"form":{"type":"contact-form","disabled":true,"settings":{"heading":"","heading_size":"h1","color_scheme":"scheme-3","padding_top":36,"padding_bottom":36}},"rich_text_EDD8Ea":{"type":"rich-text","blocks":{"heading_3bta9G":{"type":"heading","settings":{"heading":"Frequently Asked Questions:","heading_size":"h1"}},"text_4yUF4D":{"type":"text","settings":{"text":"<h3><strong><br\/>What is your service?<\/strong><\/h3><p>Our service includes evaluating your electronics, visiting your location, and providing instant payment upon agreement. This process is designed for your convenience and efficiency.<\/p><h3><strong>How do you evaluate items?<\/strong><\/h3><p>Our specialized team assesses electronics based on the following criteria:<\/p><ul><li><strong>Visual condition<\/strong><\/li><li><strong>Technical condition<\/strong><\/li><li><strong>Included accessories<\/strong><\/li><li><strong>Original packaging<\/strong><\/li><li><strong>Warranty availability<\/strong><\/li><\/ul><p>For example, if your device is in excellent technical and visual condition (Like New),  includes the original box and an official store warranty, you will receive the highest valuation. If the device is in perfect condition but lacks packaging or a warranty, the price may be slightly lower.<\/p><h3><strong>Why is the valuation often lower than the market price?<\/strong><\/h3><p>Our business model relies on purchasing electronics at slightly lower than market prices. Additionally, selling a product at market price may take days, weeks, or even months. We provide a faster alternative by purchasing items instantly, eliminating the waiting period associated with selling independently.<\/p><h3><strong>Why choose us?<\/strong><\/h3><p>\"TechSwap\" is a trusted electronics trade-in service offering fair and transparent evaluations, fast transactions, and in-person visits to ensure a hassle-free experience. Our goal is to provide a secure, professional, and efficient way to buy or sell new or used electronics.<\/p><h3><strong>How is the purchase process handled?<\/strong><\/h3><p>We offer a courier service where a team member visits your location, inspects the device, and completes the payment on the spot.<\/p><p><strong>“Sell your electronics quickly, at the best price, and without leaving your home.”<\/strong><\/p><h3><strong>What are the conditions for selling your items?<\/strong><\/h3><ul><li>The item must match the description provided at the time of the offer.<\/li><li>The seller must confirm ownership and legal purchase of the product.<\/li><\/ul><h3><strong>What if the representative changes their mind about purchasing the item?<\/strong><\/h3><p>If the item matches the description and attached photos\/videos, our representative will purchase it after inspection. However, if unforeseen defects (visual or technical) are discovered, or if the product does not match the provided description, the representative has the right to reassess the price or refuse the purchase.<\/p><h3><strong>Are you a pawn shop?<\/strong><\/h3><p>No, TechSwap is strictly a buying and selling platform. We do not offer loans or buy items with the option to repurchase them later with interest.<\/p><h3><strong>Privacy Policy<\/strong><\/h3><p>Protecting your privacy is one of TechSwap's top priorities. If you have any concerns or require more information about our privacy policies, please feel free to contact us.<\/p><p>By using our website, you agree to our privacy policy and the collection of certain information, including your name, email address, phone number, and any documents or attachments you provide.<\/p><h3><strong>How We Use Your Information<\/strong><\/h3><p>We collect and process information to:<\/p><ul><li>Improve and expand our services<\/li><li>Manage customer interactions<\/li><li>Provide updates and relevant information<\/li><li>Conduct marketing and advertising activities<\/li><\/ul><h3><strong>Cookies and Web Beacons<\/strong><\/h3><p>Like most websites, TechSwap uses cookies to store user preferences and optimize the browsing experience. Cookies help personalize website content based on visitors’ interactions.<\/p><h3><strong>Third-Party Privacy Policies<\/strong><\/h3><p>TechSwap's privacy policy does not apply to third-party advertisers or websites. We recommend reviewing the privacy policies of third-party ad services for more details on their data practices and opt-out options.<\/p>"}},"button_UGwhYg":{"type":"button","settings":{"button_label":"Return to Home page","button_link":"https:\/\/techswap.ge\/","button_style_secondary":false,"button_label_2":"","button_link_2":"","button_style_secondary_2":false}}},"block_order":["heading_3bta9G","text_4yUF4D","button_UGwhYg"],"settings":{"desktop_content_position":"center","content_alignment":"center","color_scheme":"scheme-3","full_width":true,"padding_top":40,"padding_bottom":52}}},"order":["1714948502aea2d3e0","main","form","rich_text_EDD8Ea"]}