{"sections":{"main":{"type":"main-product","blocks":{"vendor":{"type":"text","settings":{"text":"{{ product.vendor }}","text_style":"uppercase"}},"title":{"type":"title","settings":{}},"price":{"type":"price","settings":{}},"variant_picker":{"type":"variant_picker","settings":{"picker_type":"button","swatch_shape":"circle"}},"quantity_selector":{"type":"quantity_selector","settings":{}},"buy_buttons":{"type":"buy_buttons","settings":{"show_dynamic_checkout":true,"show_gift_card_recipient":true}},"collapsible_tab_CeMxKg":{"type":"collapsible_tab","settings":{"heading":"Condition statuses","icon":"lightning_bolt","content":"<p>New: unopened, in original packaging.<br\/><br\/>Opened Box : New, unused, packaging has been opened for inspection.<br\/><br\/>A+: like new, used a few times, no defects or traces of use. (can be with\/without packaging)<br\/><br\/>A: Like new, used a few times, with minimal signs of use. (can be with\/without packaging)<br\/><br\/>B: second-hand, has traces of use, technically perfect condition. (can be with\/without packaging)<br\/><br\/>C: used, has traces of use\/defect. It is technically correct. (can be with\/without packaging).<\/p>","page":""}},"collapsible_tab_xcCEdF":{"type":"collapsible_tab","settings":{"heading":"Conctact Information","icon":"question_mark","content":"<p>For detailed information about this product, feel free to give us a call at:<br\/><br\/> +995 558 30 30 12<br\/>—we're happy to assist you!<\/p>","page":""}},"description":{"type":"description","settings":{}},"share":{"type":"share","disabled":true,"settings":{"share_label":"Share"}}},"block_order":["vendor","title","price","variant_picker","quantity_selector","buy_buttons","collapsible_tab_CeMxKg","collapsible_tab_xcCEdF","description","share"],"settings":{"enable_sticky_info":true,"color_scheme":"scheme-1","media_size":"large","constrain_to_viewport":true,"media_fit":"contain","gallery_layout":"stacked","media_position":"left","image_zoom":"lightbox","mobile_thumbnails":"hide","hide_variants":true,"enable_video_looping":false,"padding_top":36,"padding_bottom":12}},"related-products":{"type":"related-products","settings":{"heading":"You may also like","heading_size":"h2","products_to_show":4,"columns_desktop":4,"color_scheme":"scheme-1","image_ratio":"square","image_shape":"default","show_secondary_image":true,"show_vendor":false,"show_rating":false,"columns_mobile":"2","padding_top":36,"padding_bottom":28}}},"order":["main","related-products"]}